<?xml version="1.0" ?>
<manifest identifier="com.scorm.manifesttemplates.scorm12" version="1"
          xmlns="http://www.imsproject.org/xsd/imscp_rootv1p1p2"
          xmlns:adlcp="http://www.adlnet.org/xsd/adlcp_rootv1p2"
          xmlns:xsi="http://www.w3.org/2001/XMLSchema-instance"
          xsi:schemaLocation="http://www.imsproject.org/xsd/imscp_rootv1p1p2 imscp_rootv1p1p2.xsd
                           http://www.imsglobal.org/xsd/imsmd_rootv1p2p1 imsmd_rootv1p2p1.xsd
                           http://www.adlnet.org/xsd/adlcp_rootv1p2 adlcp_rootv1p2.xsd">
    <metadata>
        <schema>ADL SCORM</schema>
        <schemaversion>1.2</schemaversion>
    </metadata>
    <organizations default="tdv">
        <organization identifier="tdv">
            <title>Renoswift</title>
            <item identifier="i1" identifierref="r1" isvisible="true">
                <title>Renoswift</title>
            </item>
        </organization>
    </organizations>
    <resources>
        <resource identifier="r1" type="webcontent" adlcp:scormtype="sco" href="index.htm">
<file href="media/panorama_17CABF3C_059E_56CC_418B_07AD45462F52_t.jpg"/>
<file href="lib/cursors/NW.cur"/>
<file href="lib/cursors/S.cur"/>
<file href="loading/HTMLImage_16F49A4B_0599_DEB4_4190_D0C88CB3C5C4.png"/>
<file href="media/audio_17E078E0_059A_3B74_413D_FEFCCFDC8200.mp3"/>
<file href="scorm.js"/>
<file href="lib/tdvplayer.js"/>
<file href="script.js"/>
<file href="lib/cursors/grabbing.cur"/>
<file href="loading/HTMLImage_17C7E013_059E_EAD4_4187_1AB107EE9251.jpg"/>
<file href="skin/Image_1611B8D0_0586_3B54_4188_2E464426B58F.png"/>
<file href="lib/cursors/N.cur"/>
<file href="skin/IconButton_13508608_058E_56B4_4147_3C133007C410.png"/>
<file href="lib/cursors/FS.cur"/>
<file href="index.htm"/>
<file href="lib/cursors/SE.cur"/>
<file href="media/panorama_17CABF3C_059E_56CC_418B_07AD45462F52_tcap0.png"/>
<file href="lib/cursors/FNE.cur"/>
<file href="lib/Hls.js"/>
<file href="skin/IconButton_13508608_058E_56B4_4147_3C133007C410_pressed.png"/>
<file href="lib/cursors/FSW.cur"/>
<file href="lib/cursors/E.cur"/>
<file href="lib/cursors/FE.cur"/>
<file href="lib/tdvplayer.json"/>
<file href="lib/cursors/FN.cur"/>
<file href="lib/cursors/FNW.cur"/>
<file href="lib/cursors/grab.cur"/>
<file href="lib/WebVRPolyfill.js"/>
<file href="lib/cursors/FW.cur"/>
<file href="lib/cursors/W.cur"/>
<file href="loading/HTMLImage_173C7368_059A_6D74_418B_AAAF4A7835EE.png"/>
<file href="lib/cursors/NE.cur"/>
<file href="lib/cursors/FSE.cur"/>
<file href="lib/cursors/SW.cur"/>
<file href="lib/preload.gif"/>
<file href="media/audio_17E078E0_059A_3B74_413D_FEFCCFDC8200.ogg"/>
<file href="lib/exit.png"/>
<file href="lib/cursors/FW.cur"/>
<file href="lib/cursors/FNE.cur"/>
<file href="lib/cursors/NW.cur"/>
<file href="lib/Hls.js"/>
<file href="lib/cursors/grabbing.cur"/>
<file href="lib/cursors/FNW.cur"/>
<file href="lib/cursors/FSW.cur"/>
<file href="lib/cursors/E.cur"/>
<file href="lib/cursors/FE.cur"/>
<file href="lib/tdvplayer.json"/>
<file href="lib/cursors/FN.cur"/>
<file href="lib/cursors/FS.cur"/>
<file href="lib/cursors/SE.cur"/>
<file href="lib/cursors/grab.cur"/>
<file href="lib/cursors/S.cur"/>
<file href="lib/cursors/SW.cur"/>
<file href="lib/cursors/N.cur"/>
<file href="lib/preload.gif"/>
<file href="lib/cursors/NE.cur"/>
<file href="lib/cursors/FSE.cur"/>
<file href="lib/WebVRPolyfill.js"/>
<file href="lib/cursors/W.cur"/>
<file href="lib/tdvplayer.js"/>
<file href="lib/exit.png"/>
<file href="media/panorama_17CABF3C_059E_56CC_418B_07AD45462F52_0/d/0/0_0.jpg"/>
<file href="media/panorama_17CABF3C_059E_56CC_418B_07AD45462F52_0/r/0/0_0.jpg"/>
<file href="media/panorama_17CABF3C_059E_56CC_418B_07AD45462F52_0/l/0/0_0.jpg"/>
<file href="media/panorama_17CABF3C_059E_56CC_418B_07AD45462F52_0/f/0/0_0.jpg"/>
<file href="media/panorama_17CABF3C_059E_56CC_418B_07AD45462F52_0/b/0/0_0.jpg"/>
<file href="media/panorama_17CABF3C_059E_56CC_418B_07AD45462F52_0/u/0/0_0.jpg"/>
        </resource>
    </resources>
</manifest>
